Symbol,Name,Sector,Price,52 Week High,52 Week Low,Dividend Yield,Earnings per Share,Sales per Share,Book Value per Share,EBITDA,Market Cap
LB,L Brands Inc.,Consumer Discretionary,47.77,63.1,35,4.886988,3.98,27.99956884,0.034039248,2329000000,13862042842
PM,Philip Morris International,Consumer Staples,100.39,123.55,96.66,4.328479,4.48,36.40658089,0.076128005,11802000000,1.54E+11
HRB,Block H&R,Financials,25.19,31.8,19.85,3.7296038,1.92,12.47742769,0.122632783,894754000,5381433872
CL,Colgate-Palmolive,Consumer Staples,68.95,77.91,66.26,2.2801766,2.28,17.23432458,0.291641993,4064000000,61616643498
YUM,Yum! Brands Inc,Consumer Discretionary,76.3,86.93,62.85,1.7970798,4.07,12.08495333,0.359769898,2289000000,27003303098
ADSK,Autodesk Inc,Information Technology,104.81,131.1,81.75,0,-2.61,6.349496753,0.467630393,-378100000,24348294504
AMD,Advanced Micro Devices Inc,Information Technology,11.22,15.65,9.7,0,0.03,5.319563786,0.52258966,339000000,11191663795
KMB,Kimberly-Clark,Consumer Staples,111.69,136.21,109.67,3.5599859,6.41,50.88884157,0.736449954,4033000000,39449596000
IDXX,IDEXX Laboratories,Health Care,169.28,198.73,140.63,0,2.94,21.22566691,0.862749095,478307000,15422885020
MCD,McDonald's Corp.,Consumer Discretionary,158.97,178.7,124.36,2.437994,6.36,27.54999491,1.088313822,10515400000,1.32E+11
WU,Western Union Co,Information Technology,18.81,22.21,18.39,3.5915854,0.51,8.447212779,1.486956522,694600000,8951609207
CHK,Chesapeake Energy,Energy,2.82,6.59,2.8,0,-6.44,6.917667782,1.532608696,1470000000,2626102121
UPS,United Parcel Service,Industrials,109.28,135.53,102.12,2.9666696,5.62,74.11517884,1.689026275,7919000000,96436356833
SBAC,SBA Communications,Real Estate,159.85,177.67,103.51,0,0.62,10.52392004,1.755821617,1074240000,19572031314
BA,Boeing Company,Industrials,329.66,361.45,163.69,1.9648397,13.47,152.8992345,1.802799956,12476000000,2.06E+11
MCO,Moody's Corp,Financials,152.14,167.23,106.48,1.114065,1.35,15.31666146,2.060400867,1238000000,30189978000
HD,Home Depot,Consumer Discretionary,181.22,207.605,136.82,1.8610487,6.46,62.56646522,2.155328259,16513000000,2.23E+11
CSRA,CSRA Inc.,Information Technology,30.85,33.79,27.38,1.275917,1.83,23.15224972,2.713280563,543000000,5134501276
HBI,Hanesbrands Inc,Consumer Discretionary,19.57,25.73,18.9,2.7322404,1.41,11.97691424,3.171799028,926153000,8006268615
WYNN,Wynn Resorts Ltd,Consumer Discretionary,169.28,203.63,92.67,1.1279043,7.27,68.29502093,3.274908106,1501301000,18225400525
CDNS,Cadence Design Systems,Information Technology,36.82,46,29.01,0,0.74,6.401544438,3.353369763,455607000,10890625200
MAS,Masco Corp.,Industrials,40.7,46.445,31.29,0.98383695,1.47,17.63228328,3.411567477,1179000000,13428792315
SPGI,"S&P Global, Inc.",Financials,173.31,185.38,124.64,1.0947506,7.95,16.90053657,3.427808544,3021000000,46585950000
STX,Seagate Technology,Information Technology,47.44,56.45,30.6,5.085772,2.58,36.35650775,3.558889722,1811000000,14113197720
NRG,NRG Energy,Utilities,24,29.78,14.52,1.4195584,-2.23,24.16183354,3.566121842,1774000000,8030036023
ALLE,Allegion,Industrials,77.32,89.81,66.72,0.8004002,2.37,18.12797053,3.775390625,531800000,7599609494
HSY,The Hershey Company,Consumer Staples,97.65,116.49,98.851,2.6494346,3.66,34.38778526,3.80850234,1404123000,20867272020
ZTS,Zoetis,Health Care,71.51,80.13,52,0.68237203,1.65,7.705075027,3.953012714,1734000000,35991109776
SBUX,Starbucks Corp.,Consumer Discretionary,53.77,64.87,52.58,2.203452,1.97,15.63424849,4.024700599,7361500000,76548976000
SEE,Sealed Air,Materials,42.62,50.62,41.22,1.4427412,2.46,17.25501392,4.039810427,969700000,8001938397
MAT,Mattel Inc.,Consumer Discretionary,16,26.3,12.71,0,-3.06,13.48649269,4.134366925,-203599000,5843402350
ABBV,AbbVie Inc.,Health Care,108.48,125.86,60.05,2.4995599,3.29,17.24211648,4.149961744,10310000000,1.81E+11
SYY,Sysco Corp.,Consumer Staples,57,64.27,48.85,2.4644873,2.08,78.1299795,4.253731343,2988725000,30445320778
HLT,Hilton Worldwide Holdings Inc,Consumer Discretionary,78.66,88.11,55.79,0.7315289,1.05,20.90439381,4.451612903,2815000000,26242415796
INTU,Intuit Inc.,Information Technology,152.75,170.59,111.9,0.96720195,3.72,15.85574685,4.559701493,1654000000,41233771565
AES,AES Corp,Utilities,10.06,12.05,10,4.961832,-1.72,15.25366041,4.572727273,3001000000,6920851212
FCX,Freeport-McMoRan Inc.,Materials,17.16,20.25,11.05,1.1198208,1.24,10.37588707,4.68852459,5347000000,25853969330
UA,Under Armour Class C,Consumer Discretionary,11.95,21.805,10.36,0,0.45,8.107858537,4.78,399277000,5366628950
UAA,Under Armour Class A,Consumer Discretionary,13.14,23.46,11.4,0,0.45,8.200670533,4.830882353,399277000,5856913571
KO,Coca-Cola Company (The),Consumer Staples,43.1,48.615,40.22,3.3213644,1.49,6.31766757,4.98265896,8589000000,1.90E+11
BF.B,Brown-Forman Corp.,Consumer Staples,63.33,69.9028,45.415,1.1216964,1.7,34.39717071,5.123786408,1139000000,5498033502
JWN,Nordstrom,Consumer Discretionary,47.23,53,37.7924,3.0020285,2.02,63.30809387,5.19010989,1448000000,8212509855
PAYX,Paychex Inc.,Information Technology,61.86,73.1,54.2,3.0892801,2.26,8.534194791,5.255734919,1414900000,23253666810
BSX,Boston Scientific,Health Care,25.2,29.93,23.29,0,0.07,6.213500309,5.271966527,1726000000,36142506007
AZO,AutoZone Inc,Consumer Discretionary,718.57,797.89,491.13,0,44.09,388.1973778,5.274682522,2347304000,19922021415
IPG,Interpublic Group,Consumer Discretionary,21.34,25.71,18.3,3.3802817,1.49,14.5042756,5.321695761,1074900000,8277363031
COG,Cabot Oil & Gas,Energy,23.01,29.57,21.4,1.0269576,-0.92,2.66420308,5.465558195,404951000,10808821635
CPB,Campbell Soup,Consumer Staples,44.83,64.23,43.5,3.125,2.89,18.75873261,5.667509482,1683000000,13467193376
K,Kellogg Co.,Consumer Staples,65.98,76.69,58.76,3.363962,1.95,28.47185291,5.737391304,1827000000,22182794875
NFX,Newfield Exploration Co,Energy,26.38,43.74,24.41,0,-6.5,5.608876738,5.849223947,896000000,5695123080
CLX,The Clorox Company,Consumer Staples,127.76,150.4,124.09,2.6286967,5.33,45.65004325,5.909343201,1295000000,16540418002
MA,Mastercard Inc.,Information Technology,160.62,177.11,105.8,0.5926628,3.65,10.69334584,5.964352024,7113000000,1.87E+11
WYN,Wyndham Worldwide,Consumer Discretionary,113.56,127.96,80.11,1.9541779,5.53,41.54824356,6.005288207,1232000000,11993835688
VZ,Verizon Communications,Telecommunication Services,49.04,54.77,42.8,4.626544,7.36,29.8069405,6.16080402,45745000000,2.08E+11
MO,Altria Group Inc,Consumer Staples,64.05,77.79,60.01,3.9526875,5.31,12.95069113,6.206395349,10773000000,1.27E+11
IRM,Iron Mountain Incorporated,Real Estate,32.07,41.53,32.05,7.08258,0.46,9.748127475,6.452716298,1116140000,9410249279
MNST,Monster Beverage,Consumer Staples,61.99,70.215,41.02,0,1.19,4.380117925,6.484309623,1229478000,36403831015
LOW,Lowe's Cos.,Consumer Discretionary,95.01,108.98,70.76,1.6413131,3.46,60.69614085,6.738297872,7858000000,82909678852
KR,Kroger Co.,Consumer Staples,27.57,34.75,19.69,1.7301039,2.05,98.60069626,6.858208955,5342000000,25471355847
VRTX,Vertex Pharmaceuticals Inc,Health Care,151.6,174.955,84.39,0,1.04,9.36646376,6.91921497,97562000,39369386348
NKE,Nike,Consumer Discretionary,62.49,68.83,50.35,1.2189548,2.51,20.45503735,7.013468013,5162000000,1.07E+11
FAST,Fastenal Co,Industrials,52.15,57.815,39.79,2.7798648,2.01,15.0159359,7.056833559,1009600000,15311373377
TJX,TJX Companies Inc.,Consumer Discretionary,74.36,81.46,66.44,1.64042,3.46,38.54128193,7.184541063,4600216000,48181450881
ROST,Ross Stores,Consumer Discretionary,75.06,85.66,52.85,0.82061803,2.83,25.24340837,7.30155642,2247009000,29803566306
LMT,Lockheed Martin Corp.,Industrials,334.3,361.79,256.4,2.315954,6.83,177.9947673,7.339187706,7115000000,98102120000
ORLY,O'Reilly Automotive,Consumer Discretionary,252.22,279.23,169.43,0,10.73,78.98086068,7.392145369,1965187000,21433781860
GIS,General Mills,Consumer Staples,53.99,63.73,49.65,3.5864594,2.77,26.47973351,7.436639118,3107600000,31098243069
CBS,CBS Corp.,Consumer Discretionary,51.8,70.095,52.75,1.3473054,2.81,24.60221238,7.496382055,2841000000,20431395736
CHD,Church & Dwight,Consumer Staples,47.38,54.1799,43.21,1.8366054,2.92,14.95465249,7.544585987,868000000,11838963451
SYMC,Symantec Corp.,Information Technology,25.59,34.2,25.65,1.1286682,-0.17,7.205103274,7.616071429,1227000000,16520497264
KLAC,KLA-Tencor Corp.,Information Technology,98.54,121.65,86.33,2.2988505,5.88,22.70723364,7.62103635,1506642000,16078622033
GPS,Gap Inc.,Consumer Discretionary,31.17,35.68,21.02,2.8203557,1.69,27.60914381,7.93129771,1959000000,12684517721
RHT,Red Hat Inc.,Information Technology,124.65,135.77,78.48,0,1.68,15.19737013,7.944550669,541809000,22799923883
CNP,CenterPoint Energy,Utilities,25.85,30.45,25.51,4.2109256,1,15.89535067,8.052959502,2337000000,11362043297
AAL,American Airlines Group,Industrials,48.6,59.08,39.21,0.7782101,3.91,83.76051628,8.059701493,5761000000,24594852352
NFLX,Netflix Inc.,Information Technology,250.1,286.81,138.26,0,1.25,25.36101162,8.12012987,809028000,1.15E+11
AIV,Apartment Investment & Management,Real Estate,38.21,46.855,38.85,3.876562,1.95,6.175232775,8.147121535,874871000,6156884142
INCY,Incyte,Health Care,83.92,153.15,84.21,0,0.54,4.928645638,8.187317073,-81686000,18220961259
F,Ford Motor,Consumer Discretionary,10.43,13.48,10.19,6.7843866,1.9,38.5523892,8.277777778,9281000000,42414328338
FOXA,Twenty-First Century Fox Class A,Consumer Discretionary,34.56,39.135,24.81,0.9983361,1.59,16.39444037,8.408759124,5280000000,44027094922
AMAT,Applied Materials Inc,Information Technology,45.75,60.89,34.58,0.8215239,3.17,9.729870302,8.409926471,4336000000,51296481503
GGP,General Growth Properties Inc.,Real Estate,21.62,25.72,18.83,4.005462,1.34,1.271482212,8.412451362,1740540000,21018887283
ADP,Automatic Data Processing,Information Technology,108.25,125.24,95.5,2.2190912,3.85,26.73942491,8.417573872,2767400000,50337702249
FOX,Twenty-First Century Fox Class B,Consumer Discretionary,34.09,38.56,24.3,1.0084034,1.59,10.76928452,8.438118812,5280000000,66135313503
IT,Gartner Inc,Information Technology,114.26,142.16,97.96,0,2.31,23.34457521,8.482553823,234935000,10828314389
GE,General Electric,Industrials,14.45,30.59,14.71,3.147541,-0.72,13.27196572,8.5,-206000000,1.32E+11
XLNX,Xilinx Inc,Information Technology,62.82,77.26,54.99,2.0904882,2.32,8.846384685,8.700831025,845468000,17064975551
RHI,Robert Half International,Industrials,52.26,60.59,42.92,1.7075773,2.32,39.20361892,8.739130435,565196000,7047165475
HBAN,Huntington Bancshares,Financials,15.1,16.53,12.14,2.8132992,1,4.300511544,8.779069767,0,16766497291
MSFT,Microsoft Corp.,Information Technology,85.01,96.07,63.22,1.8747908,2.97,11.9511942,8.957850369,41079000000,6.90E+11
LEG,Leggett & Platt,Consumer Discretionary,43.99,54.97,42,3.1454785,2.76,21.66685441,8.99591002,447000000,6034600480
CAG,Conagra Brands,Consumer Staples,35.49,41.68,32.16,2.3683476,1.46,19.39874919,9.194300518,1281200000,14379717835
HRL,Hormel Foods Corp.,Consumer Staples,32.21,38,29.75,2.2907758,1.57,12.79454464,9.229226361,1422305000,17338613096
HST,Host Hotels & Resorts,Real Estate,18.75,21.53,17.26,4.1131105,1.02,5.274390978,9.282178218,1547000000,14394715334
BMY,Bristol-Myers Squibb,Health Care,62.69,66.1,51.12,2.5546863,2.65,9.639823651,9.287407407,5170000000,1.03E+11
ABC,AmerisourceBergen Corp,Health Care,91.55,106.27,71.9,1.6132456,1.64,526.2406403,9.409044193,991884000,20587704101
AOS,A.O. Smith Corp,Industrials,60.24,68.39,48.925,1.1479592,1.7,16.84807528,9.486614173,601000000,10783419933
WMB,Williams Cos.,Energy,28.56,33.67,26.8188,4,-0.57,6.644511316,9.488372093,3955000000,24802396470
FTV,Fortive Corp,Industrials,69.14,76.68,54.8844,0.39057052,2.46,13.37779104,9.642956764,1508300000,24916503061
HOLX,Hologic,Health Care,38.8,46.8,35.76,0,2.64,8.077695775,9.7,1561000000,11181493750
CHRW,C. H. Robinson Worldwide,Industrials,90.47,100.18,63.41,1.987685,3.57,106.0824303,9.717508056,868096000,12932483889
VRSN,Verisign Inc.,Information Technology,105.62,118.28,81.17,0,3.43,8.516485754,9.76155268,767864000,10754983829
VRSK,Verisk Analytics,Industrials,92.28,100.54,75.6,0,3.45,9.287931306,9.880085653,1011200000,15594677147
PFE,Pfizer Inc.,Health Care,33.63,39.43,31.67,3.8879359,3.51,8.403112525,9.891176471,20569000000,2.09E+11
VFC,V.F. Corp.,Consumer Discretionary,78.75,82.95,48.05,2.2865665,2.55,21.22015543,9.980988593,1624441000,31797645904
HAL,Halliburton Co.,Energy,47.41,57.86,38.181,1.4489837,-0.53,22.12915623,10.0021097,2910000000,43356557470
UDR,UDR Inc,Real Estate,32.92,40.71,33.31,3.668639,1.08,2.662174934,10.06727829,665141000,9050154422
NTAP,NetApp,Information Technology,55.85,64.0599,37.43,1.3881658,1.81,15.22336534,10.22893773,1075000000,15375210915
TXN,Texas Instruments,Information Technology,97.66,120.75,74.52,2.4318495,3.6,14.03720915,10.47854077,7013000000,1.00E+11
BLL,Ball Corp,Materials,38.44,43.24,35.6,1.0170354,0.85,24.48969346,10.61878453,1317000000,13767688518
NVDA,Nvidia Corporation,Information Technology,217.52,249.27,95.17,0.26223776,2.57,10.82496354,10.6679745,3098000000,1.39E+11
EBAY,eBay Inc.,Information Technology,41.02,46.99,31.89,0,-1.07,8.779930987,10.79473684,2941000000,44216696399
MGM,MGM Resorts International,Consumer Discretionary,33.5,38.41,25.15,1.2687428,1.92,15.03812119,10.84142395,2680385000,19633674337
SCHW,Charles Schwab Corporation,Financials,48.9,56.25,37.16,0.76878726,1.61,6.151241287,10.84257206,0,69750188843
EXPD,Expeditors International,Industrials,60.36,67.54,51.96,1.3520038,2.36,27.55762973,10.87567568,721643000,11040678071
TSCO,Tractor Supply Company,Consumer Discretionary,65.94,82.68,49.87,1.6030874,3.3,56.63914449,10.97171381,859519000,8459271203
HOG,Harley-Davidson,Consumer Discretionary,47.54,63.4,44.52,3.0218647,2.98,28.60495201,11.03016241,1058817000,8158949890
KORS,Michael Kors Holdings,Consumer Discretionary,60.03,69.95,32.38,0,3.31,19.08384388,11.11666667,456600000,10053919023
CBG,CBRE Group,Real Estate,41.92,46.6,30.43,0,1.69,28.66849934,11.20855615,1652961000,14440591731
NLSN,Nielsen Holdings,Industrials,33.9,45.73,34.22,3.6208732,1.39,12.42295296,11.22516556,1836000000,13377670080
TPR,"Tapestry, Inc.",Consumer Discretionary,48.85,50.71,36.69,0,2.09,11.97729761,11.22988506,0,14247199374
IP,International Paper,Materials,56.05,66.94,49.6,3.206751,5.14,52.1965335,11.23246493,3004000000,24465996443
OMC,Omnicom Group,Consumer Discretionary,75.91,86.71,65.32,3.1838684,4.79,49.52647445,11.3978979,2366000000,17377551986
TRIP,TripAdvisor,Consumer Discretionary,40.05,53.29,29.5,0,0.81,8.720593175,11.4756447,234000000,5700998508
HCP,HCP Inc.,Real Estate,22.64,33.67,22.8,6.330197,1.33,2.785738446,11.49238579,1412684000,10967755538
SPG,Simon Property Group Inc,Real Estate,152.18,187.35,150.15,5.0368075,6.25,17.38307007,11.4939577,4411515000,48139839531
FISV,Fiserv Inc,Information Technology,133.05,144.2,106.2,0,4.14,20.41047059,11.52946274,1911000000,26918949723
WY,Weyerhaeuser Corp.,Real Estate,33.6,37.89,30.9504,3.7079954,0.77,9.23158232,11.5862069,1365000000,26070297960
DISH,Dish Network,Consumer Discretionary,43.77,66.5,42.48,0,3.06,23.63155762,11.64095745,2754331000,21032719056
CTL,CenturyLink Inc,Telecommunication Services,16.2,27.61,13.161,12.661196,1.16,10.94891695,11.65467626,5577000000,18237196861
KIM,Kimco Realty,Real Estate,14.01,25.15,14.33,7.7134986,0.8,1.986981992,11.675,701190000,6180487499
DPS,Dr Pepper Snapple Group,Consumer Staples,116.93,126.65,83.23,1.9661016,4.54,27.74193551,11.7047047,1507000000,21209783858
WM,Waste Management Inc.,Industrials,79.12,89.73,69.55,2.0800195,2.66,24.13102316,11.75631501,3896000000,35488486675
CRM,Salesforce.com,Information Technology,104.03,114.52,79.63,0,0.27,10.02807195,11.80817253,925804000,79489115000
APTV,Aptiv Plc,Consumer Discretionary,89.27,96.91,82.97,0.9392678,5.05,59.41115407,11.80820106,2370000000,24906530300
CSX,CSX Corp.,Industrials,50.47,60.04,45.41,1.5102888,6.07,11.9700547,11.81967213,5003000000,47340511707
V,Visa Inc.,Information Technology,113.86,126.88,84.88,0.70204765,2.8,7.888508343,12.11276596,13086000000,2.70E+11
MAR,Marriott Int'l.,Consumer Discretionary,133.88,149.21,85.3725,0.9452879,2.67,44.63075931,12.14882033,2620000000,50910130358
EL,Estee Lauder Cos.,Consumer Staples,131.46,138.74,81.69,1.1283498,3.35,33.26199606,12.14972274,2478000000,49543264457
CELG,Celgene Corp.,Health Care,91.02,147.17,92.85,0,3.58,15.61215978,12.15220294,5233000000,74921079154
BHGE,"Baker Hughes, a GE Company",Energy,27.5,57.73,28.03,2.4991322,-0.31,14.18253542,12.22222222,285000000,32995712852
DVN,Devon Energy Corp.,Energy,34.94,47.25,28.7947,0.6528836,-6.89,16.91157309,12.25964912,3723000000,19317380000
TSS,Total System Services,Information Technology,81.17,89.92,50.96,0.6091133,3.16,25.56094255,12.35464231,1097534000,15694951118
NI,NiSource Inc.,Utilities,22.51,27.76,21.93,3.3780859,1.02,10.06647946,12.36813187,1448600000,7776566371
PYPL,PayPal,Information Technology,72.32,86.32,39.92,0,1.47,10.42721596,12.4475043,2932000000,90708000000
AVY,Avery Dennison Corp,Materials,110.77,123.67,78.471,1.5682175,3.11,72.84385446,12.54473386,831200000,10104814319
CTXS,Citrix Systems,Information Technology,84.53,95,73.3346,0,-0.24,17.78129715,12.56017831,810268000,13199167493
CSCO,Cisco Systems,Information Technology,38.77,42.98,30.36,2.8755577,1.91,7.069118364,12.6286645,15447000000,1.99E+11
DRE,Duke Realty Corp,Real Estate,24.52,30.14,24.73,3.1533308,0.88,1.525135787,12.63917526,529483000,9035293365
APH,Amphenol Corp,Information Technology,84.44,93.62,67.26,0.8608971,2.05,21.8940818,12.71686747,1671700000,26955335395
ATVI,Activision Blizzard,Information Technology,65.83,74.945,38.93,0.43190324,1.28,6.213237792,12.75775194,2704000000,52518668144
INTC,Intel Corp.,Information Technology,42.75,50.85,33.23,2.6548672,1.98,12.76547713,12.7994012,26247000000,2.12E+11
LKQ,LKQ Corporation,Consumer Discretionary,38.86,43.8599,27.85,0,1.5,22.54571657,12.86754967,1065614000,12469931896
LLY,Lilly (Eli) & Co.,Health Care,74.21,89.09,75.71,2.9327424,-0.2,19.76467756,12.95113438,3459800000,84475986228
KEY,KeyCorp,Financials,20.08,22.22,16.28,1.9876952,1.12,6.139825975,12.95483871,0,22589744920
FLS,Flowserve Corporation,Industrials,40.82,51.92,37.51,1.8291216,1.12,19.62213498,12.95873016,463066000,5427884956
NAVI,Navient,Financials,13.38,16.97,11.481,4.5584044,1.01,19.15100366,13.11764706,0,3692691330
ORCL,Oracle Corp.,Information Technology,46.84,53.14,40.01,1.5551463,2.2,8.911440863,13.15730337,16545000000,2.02E+11
FLIR,FLIR Systems,Information Technology,46.46,52.88,33.75,1.2396694,1.21,9.042497598,13.19886364,375267000,6706992926
XYL,Xylem Inc.,Industrials,70.24,76.81,46.86,1.1700794,1.83,25.76471198,13.22787194,722000000,12915021000
CERN,Cerner,Health Care,61.22,73.86,51.2617,0,1.84,11.01863679,13.25108225,1523440000,21101697598
EMR,Emerson Electric Company,Industrials,66.4,74.45,56.77,2.813225,2.35,18.08882222,13.25349301,2542000000,44040298425
CF,CF Industries Holdings Inc,Materials,37.46,43.98,25.04,3.0395136,-1.2,12.46819379,13.33096085,711000000,9209106695
CA,"CA, Inc.",Information Technology,32.66,36.56,30.45,3,1.85,9.679209482,13.3852459,1613000000,14175422936
ALGN,Align Technology,Health Care,220.71,287.32,92.61,0,2.84,16.79831346,13.42518248,380326000,18788041378
JBHT,J. B. Hunt Transport Services,Industrials,114.81,126.49,83.35,0.8139042,6.19,64.87392895,13.42807018,1007309000,12945366350
OKE,ONEOK,Energy,54.4,61.36,47.14,5.4436197,1.66,20.79545283,13.49875931,1851783000,21988472489
RMD,ResMed,Health Care,89.26,104.78,67.04,1.5120423,2.41,14.48069519,13.50378215,636942000,13233622689
MCHP,Microchip Technology,Information Technology,79.9,99.17,69.76,1.7512966,0.66,10.728406,13.54237288,997492000,19393095636
MMC,Marsh & McLennan,Financials,79.31,86.54,69.33,1.8257059,2.87,26.57045333,13.55726496,3236000000,41819440000
RF,Regions Financial Corp.,Financials,17.9,19.9,13,1.8987342,1,5.151418611,13.56060606,0,21500640000
MRK,Merck & Co.,Health Care,54.73,66.8,53.63,3.435934,1.4,10.75386183,13.61442786,8715000000,1.52E+11
EA,Electronic Arts,Information Technology,116.54,131.01,81.27,0,3.07,15.66064913,13.64637002,1560000000,37890226992
JNPR,Juniper Networks,Information Technology,24.66,30.96,23.87,1.5754234,0.78,13.29858516,13.85393258,1115500000,9267350000
FE,FirstEnergy Corp,Utilities,30.64,35.22,27.93,4.673807,-14.49,23.57924106,13.99086758,-5067000000,13706075072
PDCO,Patterson Companies,Health Care,32.88,48.295,32.07,3.0723782,1.79,41.76409081,14.05128205,359644000,3209792400
ACN,Accenture plc,Information Technology,150.51,162.6,114.82,1.7144699,5.44,57.7969423,14.17231638,5643228000,98765855553
HPE,Hewlett Packard Enterprise,Information Technology,15.04,24.88,12.815,1.9280206,0.21,10.29448384,14.18867925,3683000000,24800859640
M,Macy's Inc.,Consumer Discretionary,24,33.73,17.405,6.098546,1.98,52.74353404,14.20118343,2446000000,7541063495
ITW,Illinois Tool Works,Industrials,156.15,179.07,126.52,1.9089574,4.86,39.74683291,14.20837125,3924000000,55994378108
A,Agilent Technologies Inc,Health Care,65.05,75,49.23,0.8756979,2.1,10.01761283,14.26535088,1094000000,21984606918
BBY,Best Buy Co. Inc.,Consumer Discretionary,68.79,78.59,41.67,1.9085041,3.81,89.66894484,14.3611691,2555000000,20831186176
PHM,Pulte Homes Inc.,Consumer Discretionary,28.67,35.21,21.06,1.2036108,1.44,27.72313303,14.40703518,992811000,8792572352
CMCSA,Comcast Corp.,Consumer Discretionary,38.19,44,34.78,1.8929017,4.74,17.5201585,14.41132075,28675000000,1.86E+11
LUV,Southwest Airlines,Industrials,55.63,66.985,49.76,0.863707,5.82,34.13952233,14.48697917,4533000000,34351211637
AMT,American Tower Corp A,Real Estate,133.57,155.28,103.36,2,1.97,11.17353766,14.48698482,3792383000,59213892640
MSI,Motorola Solutions Inc.,Information Technology,98.74,107.78,77.23,2.0266979,-1.08,37.84209751,14.49926579,1629000000,16626039679
COTY,"Coty, Inc",Consumer Staples,19.96,21.175,14.24,2.860412,-0.63,9.94925878,14.56934307,211400000,13101112504
EW,Edwards Lifesciences,Health Care,123.78,138.48,89.2,0,2.88,15.81180614,14.59669811,1156700000,27447099863
MON,Monsanto Co.,Materials,119.08,123.15,106.97,1.7938709,5.09,33.17193077,14.95979899,4217000000,53076824328
DISCK,Discovery Communications-C,Consumer Discretionary,21.58,29.18,14.99,0,1.96,12.58461814,15.09090909,2100000000,8320262123
PPL,PPL Corp.,Utilities,29.52,40.2,29.205,5.2196894,2.79,7.872618683,15.13846154,3937000000,20839814845
DISCA,Discovery Communications-A,Consumer Discretionary,22.87,30.25,15.99,0,1.96,12.67676521,15.24666667,2100000000,8763756733
FMC,FMC Corporation,Materials,80.87,98.7,56.53,0.785995,1.56,13.45836225,15.37452471,557800000,11273961835
VAR,Varian Medical Systems,Health Care,112.82,130.29,77.73,0,2.69,28.45235625,15.41256831,500600000,10692681720
DRI,Darden Restaurants,Consumer Discretionary,91.33,100.11,71.7,2.6503997,3.81,59.77552729,15.50594228,997600000,11745595320
KMI,Kinder Morgan,Energy,16.8,22.75,16.56,2.891845,0.01,5.949143323,15.70093458,5981000000,38612712234
PGR,Progressive Corp.,Financials,51.07,58.25,36.84,2.1061797,2.73,44.56807107,15.71384615,0,31062780000
VIAB,Viacom Inc.,Consumer Discretionary,32.71,46.72,22.13,2.622091,4.68,29.94113925,15.72596154,5600000000,10601008017
CMS,CMS Energy,Utilities,41.77,50.85,41.07,3.3918407,1.99,16.90294094,15.76226415,2099000000,11873960824
PBCT,People's United Financial,Financials,18.56,20.14,15.965,3.59375,0.97,4.725928726,15.86324786,0,6527616000
AME,AMETEK Inc,Industrials,72.05,78.51,51.31,0.75512403,2.94,17.94356084,15.87004405,1025763000,17139651923
ROK,Rockwell Automation Inc.,Industrials,178.73,210.72,147.67,1.7692552,6.35,47.5270662,16.33729433,1323200000,24123216432
QCOM,QUALCOMM Inc.,Information Technology,62.42,69.28,48.92,3.5055351,1.65,14.640011,16.34031414,4191000000,96282828902
HAS,Hasbro Inc.,Consumer Discretionary,96.48,116.2,87.92,2.2304833,4.34,29.80014536,16.57731959,1028425000,12732072001
BAX,Baxter International Inc.,Health Care,62.56,72.58,48.15,0.97635394,1.29,18.18900011,16.59416446,1832000000,35713732553
FBHS,Fortune Brands Home & Security,Industrials,62.44,73.62,55.25,1.2618296,3.04,33.87114168,16.60638298,814500000,9624169008
GLW,Corning Inc.,Information Technology,28.45,35.1,26.31,2.0791416,-0.78,11.1801789,16.6374269,2970000000,25759280346
ADBE,Adobe Systems Inc,Information Technology,185.16,204.45,114.451,0,3.39,14.14210447,16.74141049,2538040000,94550214268
MDLZ,Mondelez International,Consumer Staples,42.68,47.23,39.19,1.9977299,1.91,16.60144273,16.93650794,4355000000,65827817742
APA,Apache Corporation,Energy,37.73,57.9,38.14,2.528445,-3.72,10.33311917,16.9954955,3265000000,15066280977
EXR,Extra Space Storage,Real Estate,77.56,88.56,71.34,3.879632,2.92,6.354867397,17.08370044,717468000,10133547517
LNT,Alliant Energy Corp,Utilities,37.14,45.55,36.84,3.5733333,1.65,10.81805938,17.43661972,1168400000,8670163500
ABT,Abbott Laboratories,Health Care,56.27,64.6,42.28,1.9089824,0.26,15.04352222,17.63949843,5744000000,1.02E+11
NBL,Noble Energy Inc,Energy,25.43,39.6,22.985,1.4771049,-2.32,5.413351078,17.65972222,-518000000,13177325251
SYF,Synchrony Financial,Financials,34.98,40.59,26.01,1.6,2.41,16.58085277,17.75634518,0,28893750000
BWA,BorgWarner,Consumer Discretionary,51.94,58.22,37.54,1.2363636,0.55,32.80826632,17.97231834,867900000,11596117445
LYB,LyondellBasell,Materials,105.79,121.95,78.01,3.264714,12.25,81.14216008,18.05290102,6851000000,43556650000
KMX,Carmax Inc,Consumer Discretionary,64.34,77.64,54.29,0,3.97,93.05946216,18.12394366,1339628000,11827453706
VNO,Vornado Realty Trust,Real Estate,66.18,111.72,66.0101,3.744428,4.33,9.257108898,18.23140496,0,12778779911
NWSA,News Corp. Class A,Consumer Discretionary,15.65,17.29,12,1.24533,-1.28,10.08495398,18.41176471,679000000,9356906461
NWS,News Corp. Class B,Consumer Discretionary,15.85,17.7,12.35,1.2269939,-1.28,10.08384158,18.43023256,679000000,9496735699
GT,Goodyear Tire & Rubber,Consumer Discretionary,30.75,37.2,28.81,1.6731402,4.74,42.28200389,18.63636364,2044000000,8244568238
HSIC,Henry Schein,Health Care,70.85,93.495,65.28,0,3.1,56.13241705,18.94385027,1033985000,11452961984
MTD,Mettler Toledo,Health Care,601,697.26,459.34,0,14.24,71.78427642,18.96497318,666706000,16420774443
GILD,Gilead Sciences,Health Care,78.22,89.54,63.759,2.754954,9.95,15.01704902,18.98543689,17590000000,1.08E+11
CTSH,Cognizant Technology Solutions,Information Technology,75.16,79.28,54.76,1.0454783,2.54,18.94229749,19.07614213,2946000000,45119684067
IBM,International Business Machines,Information Technology,147.59,182.79,139.13,3.8999026,6.11,81.21983285,19.16753247,16557000000,1.42E+11
DAL,Delta Air Lines Inc.,Industrials,51.23,60.79,43.81,2.2655525,4.94,55.81070004,19.18726592,8348000000,38393603535
AKAM,Akamai Technologies Inc,Information Technology,62.49,69.56,44.65,0,1.79,10.67356279,19.22769231,789517000,10906904066
ILMN,Illumina Inc,Health Care,209.54,248.97,158.0203,0,4.92,17.88806904,19.24150597,1192000000,32295200000
GRMN,Garmin Ltd.,Consumer Discretionary,61.13,64.96,48.5,3.2339885,2.69,11.49085854,19.46815287,736798000,11840331607
MKC,McCormick & Co.,Consumer Staples,101.36,109.67,90.25,2.0261056,3.73,36.47581316,19.49230769,815700000,13459353253
APC,Anadarko Petroleum Corp,Energy,56.2,70,39.96,1.7029973,-5.9,14.16251695,19.51388889,3115000000,32129091747
INFO,IHS Markit Ltd.,Industrials,43.73,49.19,37.82,0,1,8.641609359,19.52232143,1018900000,17969275816
MMM,3M Company,Industrials,222.89,259.77,175.49,2.3328617,7.92,50.769079,19.65520282,9048000000,1.39E+11
IVZ,Invesco Ltd.,Financials,31.92,38.43,29.36,3.466826,2.74,12.03902,19.7037037,1606200000,13620847614
T,AT&T Inc,Telecommunication Services,35.57,42.7,32.55,5.4156513,4.76,25.25712994,19.76111111,49653000000,2.27E+11
MU,Micron Technology,Information Technology,40,49.89,22.64,0,4.36,18.25416608,19.8019802,12541000000,48576791974
XRX,Xerox Corp.,Information Technology,29.8,37.42,26.64,3.207184,0.59,37.82851143,20,1191000000,7938833340
FFIV,F5 Networks,Information Technology,137.25,149.5,114.63,0,6.51,33.31019296,20.00728863,629940000,8744185796
AON,Aon plc,Financials,136.05,152.78,113.2201,1.0245464,4.66,38.90179198,20.06637168,1858000000,35123123422
PKG,Packaging Corporation of America,Materials,111.95,131.1316,88.47,2.1514556,7.07,64.28285144,20.20758123,1214900000,11051273948
NEM,Newmont Mining Corporation,Materials,36.61,42.04,31.42,0.8101539,-1.18,9.874207825,20.22651934,1509000000,19749449484
SNI,Scripps Networks Interactive Inc.,Consumer Discretionary,86.46,88.87,64.87,1.3761468,5.18,19.76644683,20.48815166,1351059000,11328642413
DHI,D. R. Horton,Consumer Discretionary,44.55,53.32,29.3716,1.0801469,2.73,37.33963444,20.52995392,1691000000,17390873686
TGT,Target Corp.,Consumer Discretionary,71.11,78.7,48.56,3.3856654,4.71,88.36400952,20.6115942,7105000000,39816696539
SNPS,Synopsys Inc.,Information Technology,82.62,94.8,64.75,0,0.87,13.16388221,20.75879397,579844000,12767067883
BEN,Franklin Resources,Financials,38,47.65,37.01,2.332657,3,11.17942656,20.76502732,2711300000,21759187973
PG,Procter & Gamble,Consumer Staples,80.22,94.67,80.1,3.3704789,5.6,25.39009015,20.83636364,17249000000,2.06E+11
PX,Praxair Inc.,Materials,144.07,166.95,115.53,2.1998534,4.32,37.05585127,20.94040698,3632000000,42948664203
DG,Dollar General,Consumer Discretionary,95.1,105.82,65.97,1.0625255,4.43,62.22239553,20.99337748,2457604000,26580644874
GPN,Global Payments Inc.,Information Technology,100.59,113.26,76.47,0.037622273,1.58,17.41566974,21.26638478,960345000,16920023264
FITB,Fifth Third Bancorp,Financials,31.1,33.91,23.2,1.9789734,2.85,10.79754335,21.30136986,0,22437653700
EQT,EQT Corporation,Energy,46.25,67.84,47.13,0.2518363,-2.69,7.116774357,21.51162791,1518305000,12638828950
CBOE,CBOE Holdings,Financials,111.15,138.54,76.75,0.9426963,2.27,13.47429192,21.58252427,488406000,12998295607
TXT,Textron Inc.,Industrials,55.54,62.19,45,0.1381454,1.14,52.17132371,21.61089494,1454000000,15254672353
JCI,Johnson Controls International,Industrials,36.55,44.37,34.51,2.7659574,1.71,32.01833043,21.62721893,4295000000,34822224800
RRC,Range Resources Corp.,Energy,12.82,34.09,12.7,0.6097561,-2.79,6.532704108,21.72881356,820095000,3255587970
IFF,Intl Flavors & Fragrances,Materials,138,157.4,116.3,1.9341276,5.05,31.21549543,21.76656151,699963000,11270040447
PCAR,PACCAR Inc.,Industrials,66.98,79.69,61.93,1.455816,4.75,52.04634285,21.81758958,3619200000,24152102921
XEL,Xcel Energy Inc,Utilities,42.44,52.22,41.16,3.3914273,2.21,16.83822292,21.87628866,3885828000,21559611927
CAH,Cardinal Health Inc.,Health Care,66.63,84.88,54.66,2.8394227,4.04,315.3163982,21.99009901,1913000000,20493281175
AJG,Arthur J. Gallagher & Co.,Financials,64.4,70.55,53.63,2.4807138,2.54,33.1955084,22.05479452,888000000,11968488290
TROW,T. Rowe Price Group,Financials,101.99,120.07,66.7,2.140443,4.75,13.79899925,22.12364425,2281400000,25810865035
RSG,Republic Services Inc,Industrials,62.72,69.4,57.53,2.1362228,1.77,21.74667852,22.16254417,2734000000,21590903863
PKI,PerkinElmer,Health Care,72.06,84.49,52.63,0.3695394,2.64,19.41456544,22.17230769,445658000,8351767268
EOG,EOG Resources,Energy,101.04,119,81.99,0.63339007,-1.98,12.59376145,22.20659341,3692749000,61164030149
GPC,Genuine Parts,Consumer Discretionary,96.31,107.75,79.86,2.7198548,4.6,79.44822625,22.24249423,1201517000,14554321748
WBA,Walgreens Boots Alliance,Consumer Staples,68.22,88,63.82,2.2368238,3.78,115.5411873,22.29411765,7083000000,70862541911
ETFC,E*Trade,Financials,48.48,56,32.25,0,2.15,8.521504847,22.54883721,0,13754977266
PPG,PPG Industries,Materials,110.3,122.0697,99.57,1.5771489,6.31,56.41640442,22.83643892,2585000000,29043337549
CTAS,Cintas Corporation,Industrials,149.32,169.96,113.79,1.0344827,4.38,54.07390881,22.86676876,1097295000,16676145923
FLR,Fluor Corp.,Industrials,55.31,62.09,37.0351,1.4726508,1.99,100.264629,23.04583333,709756000,7978485059
SWKS,Skyworks Solutions,Information Technology,99.04,117.65,90.53,1.2629502,5.41,14.20856466,23.30352941,1122900000,18493080922
XEC,Cimarex Energy,Energy,100.19,136.31,89.49,0.30214334,-4.64,13.25887858,23.4088785,1061056000,10089082025
PWR,Quanta Services Inc.,Industrials,33.51,40.105,30.23,0,1.28,43.02031303,23.43356643,649404000,5330131216
AXP,American Express Co,Financials,88.34,102.385,75.51,1.4955667,2.9,38.85510705,23.55733333,0,80410990000
NCLH,Norwegian Cruise Line,Consumer Discretionary,56.01,61.48,46.96,0,2.78,17.46704246,23.83404255,1529401000,13191507318
SO,Southern Co.,Utilities,43.4,53.51,42.63,5.3530226,2.53,17.30420984,23.84615385,6012000000,43497224128
BAC,Bank of America Corp,Financials,29.74,32.67,22.07,1.536,1.55,9.290302717,23.98387097,0,3.21E+11
MYL,Mylan N.V.,Health Care,39.25,47.82,29.39,0,0.93,15.47777384,24.0797546,3113300000,21698849265
ECL,Ecolab Inc.,Materials,127.76,140.5,119.61,1.2319711,4.14,34.19637332,24.1969697,2848600000,38460272282
FB,"Facebook, Inc.",Information Technology,171.58,195.32,132.44,0,5.39,12.9572895,24.23446328,23624000000,5.23E+11
COP,ConocoPhillips,Energy,53.24,61.315,42.265,2.049254,-0.65,25.64031312,24.64814815,5328000000,65482462410
COST,Costco Wholesale Corp.,Consumer Staples,178.61,199.88,150,1.0917627,6.09,291.8278799,24.6698895,5679000000,80439804508
D,Dominion Energy,Utilities,73.31,85.3,71.59,4.5281997,4.91,19.31537826,24.76689189,6428000000,47543571860
O,Realty Income Corporation,Real Estate,47.56,63.6,48.89,5.372036,1.12,3.051051416,24.77083333,1075568000,13784942453
EFX,Equifax Inc.,Industrials,114,147.02,90.72,1.3265306,4.04,20.23498929,24.83660131,1141200000,14121334618
PEG,Public Serv. Enterprise Inc.,Utilities,46.73,53.28,41.67,3.60587,1.75,13.54828398,24.85638298,3613000000,24138050331
DLTR,Dollar Tree,Consumer Discretionary,101.58,116.65,65.63,0,3.77,63.10261742,24.89705882,2430300000,25151198417
TIF,Tiffany & Co.,Consumer Discretionary,99.62,111.44,77.93,1.9402406,3.55,22.0556914,25.09319899,949500000,12810515320
USB,U.S. Bancorp,Financials,52.65,58.5,49.535,2.189781,3.52,13.93832568,25.19138756,0,90940115897
CAT,Caterpillar Inc.,Industrials,145.99,173.24,90.34,2.0215108,1.26,71.32448081,25.38956522,8136000000,91822049046
HRS,Harris Corporation,Information Technology,149.84,160.67,104.16,1.4922442,4.43,50.76459083,25.4829932,1368000000,18140726600
SLB,Schlumberger Ltd.,Energy,67.4,82.71,61.02,2.8673835,-1.08,20.86827634,25.53030303,3222000000,96529311126
ICE,Intercontinental Exchange,Financials,67,76.1378,56.8,5.4298644,2.37,6.964666376,25.57251908,3103000000,41373051167
HON,Honeywell Int'l Inc.,Industrials,146.02,165.13,119.31,1.9710299,2.08,51.65576685,25.57267951,8333000000,1.14E+11
MOS,The Mosaic Company,Materials,24.13,34.36,19.23,0.3960396,0.85,13.28601244,25.67021277,1165100000,9726962131
ANSS,ANSYS,Information Technology,148.84,164.9,94.52,0,2.99,8.852462916,25.70639033,458515000,13155919129
WMT,Wal-Mart Stores,Consumer Staples,100.02,109.98,66.89,1.983471,4.39,121.827892,25.71208226,30721000000,3.05E+11
DVA,DaVita Inc.,Health Care,71.91,80.71,52.51,0,4.3,62.79583181,25.77419355,2252294000,13685178000
NUE,Nucor Corp.,Materials,60.38,70.48,51.67,2.415766,4.1,60.47822692,25.8034188,2648729000,20003317128
MPC,Marathon Petroleum,Energy,62.79,73.53,47.39,2.8268552,6.85,147.0027488,25.83950617,5978000000,31633740000
ULTA,Ulta Salon Cosmetics & Fragrance Inc,Consumer Discretionary,209.09,314.86,187.96,0,6.52,61.89919789,26.00621891,1002093000,13300000127
MAC,Macerich,Real Estate,58.36,69.73,52.12,4.9177604,3.43,5.121599821,26.05357143,503183000,8473119166
IR,Ingersoll-Rand PLC,Industrials,87.6,97.67,77.26,1.9739007,5.07,54.25035088,26.22754491,1987100000,22785450609
ADI,"Analog Devices, Inc.",Information Technology,82.68,98.38,74.65,2.108963,2.11,10.32995124,26.41533546,1663384000,31811578855
EQR,Equity Residential,Real Estate,55.26,70.455,56.07,3.5437918,1.63,6.430352567,26.44019139,1710686000,20925508143
TEL,TE Connectivity Ltd.,Information Technology,95.27,108.23,71.93,1.6062645,4.71,37.02053655,26.46388889,2797000000,34983666316
DIS,The Walt Disney Company,Consumer Discretionary,101.35,116.1,96.2,1.6036655,5.7,25.57047064,26.53141361,12544000000,1.58E+11
JNJ,Johnson & Johnson,Health Care,126.36,148.32,113.15,2.5566885,0.39,27.27612884,26.65822785,22430000000,3.53E+11
SYK,Stryker Corp.,Health Care,148.01,170,122.01,1.2234008,2.68,31.92921857,26.7166065,2863000000,57509096756
DOV,Dover Corp.,Industrials,96.2,109.06,75.51,1.8815053,5.15,48.43478121,26.79665738,1513291000,15566645713
PNR,Pentair Ltd.,Industrials,66.67,74.84,57.63,2.03933,3.63,26.46526338,26.88306452,863700000,12466660892
FRT,Federal Realty Investment Trust,Real Estate,108.11,143.79,109.74,3.5925992,3.5,8.381529129,27.16331658,540767000,8077368506
AAPL,Apple Inc.,Information Technology,155.15,180.1,131.12,1.5795412,9.2,44.85907096,27.41166078,79386000000,8.10E+11
FTI,TechnipFMC,Energy,29.1,35,24.53,1.7060367,0,18.63503194,27.45283019,540167833.4,14163064455
PSA,Public Storage,Real Estate,180.49,232.21,180.9254,4.316159,6.81,11.1660543,27.51371951,1924803000,32258539942
NWL,Newell Brands,Consumer Discretionary,27.91,55.08,23.85,3.1228786,1.17,21.78685122,27.63366337,2021400000,14438346000
PLD,Prologis,Real Estate,58.33,67.53,48.69,2.931379,3.06,4.05622302,27.64454976,2969194000,31953288000
ESRX,Express Scripts,Health Care,73.35,83.485,55.8,0,5.39,127.3693654,27.67924528,7309300000,42449656350
WEC,Wec Energy Group Inc,Utilities,59.5,70.09,56.63,3.691948,3.79,23.95889829,28.33333333,2736500000,18890296993
LUK,Leucadia National Corp.,Financials,23.86,28.3,22.23,1.5993602,0.33,22.9199255,28.4047619,2201336000,8910389431
FIS,Fidelity National Information Services,Information Technology,92.74,103.65,77.63,1.322724,1.72,19.71579953,28.53538462,2782000000,32308459680
EXC,Exelon Corp.,Utilities,35.98,42.67,33.3,3.8174274,1.23,25.82197008,28.55555556,8548000000,34734816899
DFS,Discover Financial Services,Financials,72.4,81.93,57.5,1.8269607,5.41,30.66455036,28.73015873,0,27433540000
SHW,Sherwin-Williams,Materials,387.65,435.15,302.0101,0.8426688,18.61,153.366363,28.88599106,2160668000,37730994828
VTR,Ventas Inc,Real Estate,50.92,72.36,51.8,5.965641,1.86,7.198140188,28.93181818,1935931000,18865999082
DE,Deere & Co.,Industrials,153.66,171.96,106.72,1.4866204,6.64,64.70862505,28.93785311,4053300000,52186628646
ALK,Alaska Air Group Inc,Industrials,64.04,101.43,59.25,1.9928383,8.28,65.33965807,28.97737557,1665000000,7903173734
TSN,Tyson Foods,Consumer Staples,73.92,84.65,57.2,1.6353229,4.79,78.86399488,28.98823529,2521000000,26957526800
ADS,Alliance Data Systems,Information Technology,240.6,278.33,209,0.9240122,14.13,139.2175971,29.05797101,2143200000,13632608582
CCI,Crown Castle International Corp.,Real Estate,103.81,114.97,86.93,3.862069,1.02,10.25254484,29.32485876,2292600000,44183023189
AEE,Ameren Corp,Utilities,52.59,64.89,51.81,3.4404964,2.68,19.52754409,29.37988827,2298000000,12905744906
KSS,Kohl's Corp.,Consumer Discretionary,60.34,69.14,35.16,3.4965036,3.12,70.5091299,29.57843137,2286000000,10570861198
EXPE,Expedia Inc.,Consumer Discretionary,123.03,161,115.55,0.92785895,1.81,49.06500713,29.7173913,1481458000,19722178609
AWK,American Water Works Company Inc,Utilities,76.06,92.37,71.89,2.129297,2.63,13.69504629,29.82745098,1711000000,13906146184
HPQ,HP Inc.,Information Technology,19.92,24.1,15.39,2.6270628,1.49,22.24479707,30.18181818,3700000000,34895294088
UAL,United Continental Holdings,Industrials,63.37,83.04,56.51,0,7.05,126.2225884,30.32057416,5929000000,19363059152
GM,General Motors,Consumer Discretionary,40.75,46.76,31.92,3.5857513,6,72.33875912,30.63909774,23541000000,61536606173
WAT,Waters Corporation,Health Care,191.79,220.2,145.94,0,0.19,27.46758806,31.18536585,773932000,16064078572
JEC,Jacobs Engineering Group,Industrials,62.82,72.18,49.31,0.9089532,2.43,51.79050715,31.25373134,409832000,9326484316
XRAY,Dentsply Sirona,Health Care,56.85,68.98,52.535,0.60034305,1.99,12.28853878,31.58333333,-411100000,13390513478
GWW,Grainger (W.W.) Inc.,Industrials,258.6,298.145,155,1.9700643,10.02,184.778351,31.92592593,1279846000,14639308205
ADM,Archer-Daniels-Midland Co,Consumer Staples,41.35,47.44,38.59,3.1761081,2.17,78.79354975,32.05426357,2927000000,23594770663
SRCL,Stericycle Inc,Industrials,70.55,88,61.25,0,2.08,31.20670098,32.81395349,305085000,6218560288
BBT,BB&T Corporation,Financials,51.07,55.99,41.17,2.4526198,2.74,14.78057474,32.9483871,0,42087562920
CVS,CVS Health,Consumer Staples,70.55,84,66.45,2.6899798,4.91,128.3072536,33.12206573,11704000000,75323141722
CCL,Carnival Corp.,Consumer Discretionary,66.76,72.7,54.75,2.6041667,3.58,23.7176761,33.38,4711000000,49180044050
ES,Eversource Energy,Utilities,56.11,66.15,55.2,3.3397784,2.96,18.02198631,33.39880952,2738713000,18027633617
NDAQ,"Nasdaq, Inc.",Financials,75.21,83.29,65.98,1.9671283,4.32,23.07686431,33.42666667,1212000000,12844304115
LEN,Lennar Corp.,Consumer Discretionary,59.11,72.17,43.647053,0.26268265,3.38,51.54223865,33.58522727,1405319000,14615967194
EMN,Eastman Chemical,Materials,93.57,104.08,76.02,2.2630835,10.12,62.77849697,33.65827338,2152000000,14226830813
TWX,Time Warner Inc.,Consumer Discretionary,93.02,103.9,85.88,1.6927768,6.62,39.18944003,34.07326007,7671000000,74185800000
DGX,Quest Diagnostics,Health Care,96.42,112.965,90.1,1.9884669,5.5,54.44417673,34.19148936,1453000000,13578300000
VMC,Vulcan Materials,Materials,121.47,141.2,108.95,0.7797879,3.1,21.09701124,34.31355932,970976000,16964162228
IQV,IQVIA Holdings Inc.,Health Care,95.23,110.67,75.94,0,0.76,33.44092041,34.37906137,1542000000,20426488713
DHR,Danaher Corp.,Health Care,92.16,104.82,78.97,0.5879265,3.53,24.98727048,34.77735849,4339800000,66351150000
AEP,American Electric Power,Utilities,63.38,78.07,62.69,3.8479443,1.24,23.05571196,35.01657459,4450800000,31701916517
WFC,Wells Fargo,Financials,55.4,66.31,49.27,2.7111576,4.07,19.28419303,35.06329114,0,2.81E+11
PCG,PG&E Corp.,Utilities,38.24,71.57,38.45,0,2.78,24.30923998,35.08256881,6471000000,20309412381
ALB,Albemarle Corp,Materials,105.18,144.99,90.35,1.2004126,5.66,19.59892636,35.29530201,686030000,11782151266
BXP,Boston Properties,Real Estate,112.09,140.13,111.87,2.7744062,2.93,16.38872314,35.58412698,1546846000,17799878487
ZION,Zions Bancorp,Financials,50.71,55.61,38.43,1.480933,2.6,13.3638003,35.71126761,0,10670678640
URI,"United Rentals, Inc.",Industrials,161.99,189,100.621,0,15.72,74.3666349,35.7593819,2760000000,14654954091
BK,The Bank of New York Mellon Corp.,Financials,53.29,58.99,44.91,1.7347307,3.73,15.75030893,35.76510067,0,56083904906
SIG,Signet Jewelers,Consumer Discretionary,49.38,77.94,46.09,2.4730754,7.03,65.27688676,35.7826087,852700000,3034275549
NOV,National Oilwell Varco Inc.,Energy,32.64,41.895,29.9,0.5873715,-6.4,12.94743113,35.86813187,353000000,12940096785
LRCX,Lam Research,Information Technology,162.23,219.7,113.1982,1.1652974,9.22,53.3558417,35.89159292,2967218000,27967534829
EIX,Edison Int'l,Utilities,58.07,83.38,58.76,4.0542803,3.96,26.87063734,36.52201258,4284000000,19447670886
ETN,Eaton Corporation,Industrials,79.41,89.85,69.45,2.9404557,6.68,43.7237938,36.59447005,4253000000,35961772000
MDT,Medtronic plc,Health Care,78.38,89.72,75.44,2.2618315,2.89,15.85182207,36.62616822,9204000000,1.10E+11
HCN,Welltower Inc.,Real Estate,54.67,78.17,55.29,6.1538463,2.81,8.129104514,36.69127517,1908253000,20943679019
RJF,Raymond James Financial Inc.,Financials,86.06,99.1,71.35,1.0982976,4.12,43.60878672,36.77777778,0,13216271700
REG,Regency Centers Corporation,Real Estate,55.58,72.05,56.66,3.6850338,1.43,4.038609631,36.80794702,487636000,9858367494
HII,Huntington Ingalls Industries,Industrials,225.37,253.44,183.42,1.2264713,12.15,119.0862365,37.31291391,1107000000,10628247899
UTX,United Technologies,Industrials,127.48,139.24,107.05,2.1216943,5.7,73.5852545,37.49411765,10584000000,1.05E+11
RTN,Raytheon Co.,Industrials,198.74,213.45,147.86,1.5612764,6.95,86.64101411,37.64015152,3868000000,59066255840
GD,General Dynamics,Industrials,206.05,229.54,181.94,1.5631542,9.55,100.603661,37.80733945,4618000000,64180390701
ALXN,Alexion Pharmaceuticals,Health Care,108.47,149.34,96.18,0,1.77,11.15881983,38.46453901,1072000000,26172439795
COL,Rockwell Collins,Industrials,133.31,139.63,89.9,0.9748892,4.8,35.25532274,38.52890173,1696000000,22197870556
WRK,WestRock Company,Materials,60.93,71.55,49.23,2.6699784,2.77,56.63771107,38.56329114,2262300000,16433340688
SCG,SCANA Corp,Utilities,35.6,71.28,35.31,6.6830335,4.16,21.55348564,38.69565217,1459000000,5229448882
QRVO,Qorvo,Information Technology,76.85,85.24,62.68,0,-0.13,22.67535559,38.81313131,806875000,9877885146
CNC,Centene Corporation,Health Care,100.36,112.42,65.03,0,3.23,199.5759111,38.89922481,2063000000,18012494506
MS,Morgan Stanley,Financials,51.79,58.05,40.06,1.8331805,3.09,23.26715828,38.93984962,0,97535400000
CFG,Citizens Financial Group,Financials,42.19,48.23,31.51,1.9625335,3.27,12.43906289,39.06481481,0,22008050974
NTRS,Northern Trust Corp.,Financials,96.2,108.91,83.17,1.6678249,4.92,23.86073664,39.42622951,0,22908130223
PFG,Principal Financial Group,Financials,60.38,75.585,58.9401,3.1914895,4.5,35.17101396,39.46405229,0,18457199721
PH,Parker-Hannifin,Industrials,174.51,212.8,145.38,1.4401833,7.24,93.55768163,39.75170843,2092089000,24421668509
HES,Hess Corporation,Energy,43,55.48,37.25,2.2670596,-19.94,11.37423207,39.81481481,-819000000,14016129999
HP,Helmerich & Payne,Energy,64.87,75.02,42.16,4.1499925,-1.2,17.35147902,40.04320988,483673000,7345243806
WDC,Western Digital,Information Technology,80.09,95.77,71.38,2.389201,1.29,64.30333769,40.045,5169000000,24760297793
UNM,Unum Group,Financials,47.87,58.73,43.55,1.8189007,4.38,47.94227778,40.22689076,0,11256432318
ISRG,Intuitive Surgical Inc.,Health Care,381.87,452,233.10643,0,5.67,26.05685426,40.28164557,1153700000,44866621303
STZ,Constellation Brands,Consumer Staples,208.73,229.5,152.01,0.9712818,8.71,40.56478589,40.60894942,3033300000,41697453163
DXC,DXC Technology,Information Technology,91.92,102.95,67.76,0.7493755,-0.89,46.90261355,40.67256637,1628000000,27408621020
NOC,Northrop Grumman Corp.,Industrials,324.01,349.18,231.98,1.3030859,11.47,146.6389932,40.70477387,3884000000,58782413951
AMP,Ameriprise Financial,Financials,152.5,183.9,118.84,2.0735743,9.44,78.23222062,40.8847185,0,23472126000
AYI,Acuity Brands Inc,Industrials,145.41,225.36,142,0.35118526,7.43,80.99268593,40.96056338,587800000,6242377704
XOM,Exxon Mobil Corp.,Energy,76.07,89.3,76.05,4.0031195,1.88,42.97268142,41.11891892,39052000000,3.26E+11
RL,Polo Ralph Lauren Corp.,Consumer Discretionary,101.32,119.33,66.06,1.8570102,-1.19,72.63729143,41.52459016,506100000,8753430477
PRGO,Perrigo,Health Care,84.44,95.93,63.68,0.73126143,-28.01,24.94529774,41.59605911,0,12326379902
XL,XL Capital,Financials,41.26,47.27,33.77,2.0952382,-2.24,48.88962317,42.53608247,0,10753423590
CMI,Cummins Inc.,Industrials,165.73,194.18,143.8301,2.5008683,8.23,85.40068292,42.60411311,2924000000,28669230787
DLR,Digital Realty Trust Inc,Real Estate,98.96,127.23,101.101,3.5710857,2.19,7.958207509,42.65517241,1260662000,21400952517
TMK,Torchmark Corp.,Financials,80.52,93.595,73.53,0.7204611,4.5,25.90761599,42.82978723,0,9614412169
KSU,Kansas City Southern,Industrials,103.53,114.85,81.54,1.3445379,9.16,24.17853582,43.31799163,1295400000,11037040988
CMG,Chipotle Mexican Grill,Consumer Discretionary,266.01,499,263,0,0.8,104.2201583,43.53682488,401293000,7685283970
PSX,Phillips 66,Energy,92.44,107.47,75.135,2.928564,9.93,194.6126896,43.60377358,5311000000,47996220000
AAP,Advance Auto Parts,Consumer Discretionary,109.63,169.55,78.81,0.21832074,6.19,97.00859061,43.67729084,853941000,8123611867
CINF,Cincinnati Financial,Financials,70.34,81.98,68.24,2.918904,3.55,25.5162099,43.9625,0,11916533018
AMGN,Amgen Inc,Health Care,173.12,201.23,152.16,2.9751508,2.57,31.01441798,44.27621483,11945000000,1.28E+11
DWDP,DowDuPont,Materials,68.21,77.08,64.01,2.1529746,1.59,25.33578458,44.29220779,5250000000,1.65E+11
NSC,Norfolk Southern Corp.,Industrials,136.89,157.1499,109.27,2.018503,18.73,35.53193347,44.30097087,4737000000,40543547441
VLO,Valero Energy,Energy,86.77,99.95,60.69,3.5618877,9.24,206.0106583,44.95854922,5401000000,39312309113
PNW,Pinnacle West Capital,Utilities,74.34,92.48,73.81,3.698776,3.95,24.83695362,45.05454545,1614399000,8397609889
CMA,Comerica Inc.,Financials,89.18,98.18,64.04,1.2823253,4.13,18.1796981,45.5,0,16274969256
APD,Air Products & Chemicals Inc,Materials,152.8,175.17,133.6301,2.7811136,13.66,37.12009929,45.6119403,2542500000,34638387128
SWK,Stanley Black & Decker,Consumer Discretionary,152.86,176.62,121.09,1.5775635,8.05,78.61854371,45.76646707,2264600000,24496399600
UNH,United Health Group Inc.,Health Care,216.46,250.79,156.49,1.3284917,10.71,198.5267601,45.95753715,17454000000,2.19E+11
HIG,Hartford Financial Svc.Gp.,Financials,53.34,59.2,46.35,1.7901897,2.27,38.26525671,46.3826087,0,19926305632
KHC,Kraft Heinz Co,Consumer Staples,71.58,97.77,72.05,3.3990483,2.81,15.30113185,46.48051948,7832000000,89618309338
ETR,Entergy Corp.,Utilities,72.02,87.95,69.63,4.892126,-3.26,46.33562835,46.76623377,880700000,13116894887
AET,Aetna Inc,Health Care,178,194.4,119.51,1.101989,5.75,179.3713658,46.96569921,4139000000,59197016353
ED,Consolidated Edison,Utilities,74.73,89.7,72.63,3.8001595,4.1,25.24454065,47.29746835,4288000000,23335777662
STI,SunTrust Banks,Financials,65.8,72.06,51.96,2.3185046,4.48,19.88549521,47.68115942,0,32498948310
RCL,Royal Caribbean Cruises Ltd,Consumer Discretionary,122.45,135.65,93.4,1.8674136,7.53,39.46612152,47.83203125,2876309000,27418147452
ZBH,Zimmer Biomet Holdings,Health Care,115.53,133.49,108.17,0.7948336,9.01,36.50357723,48.33891213,2007400000,24454698119
SNA,Snap-On Inc.,Consumer Discretionary,156.72,185.47,140.83,1.968433,9.2,44.63073746,48.82242991,982200000,9499107736
DTE,DTE Energy Co.,Utilities,98.49,116.74,96.56,3.5559585,4.82,51.58726293,50.50769231,2790000000,17808073691
STT,State Street Corp.,Financials,98.54,114.27,75.27,1.6228749,5.23,30.19853684,50.53333333,0,38059113300
UHS,"Universal Health Services, Inc.",Health Care,114.87,129.74,95.26,0.34153005,7.14,87.29610959,51.97737557,1676204000,11116075286
MET,MetLife Inc.,Financials,44.28,56.58,44.58,3.4587116,0.63,42.18402753,52.09411765,0,48679364276
AVGO,Broadcom,Information Technology,229.57,285.68,202.61,2.9488583,4.01,32.97522671,52.175,7016000000,92791974933
SRE,Sempra Energy,Utilities,103.36,122.975,100.63,3.1607263,5.45,32.78116605,52.2020202,3763000000,26163862235
NEE,NextEra Energy,Utilities,145.29,159.64,124.18,2.6537917,11.39,35.50848572,52.83272727,9018000000,69661177770
BDX,Becton Dickinson,Health Care,211.44,248.3888,175.66,1.3518385,4.65,37.15147627,53.12562814,1537000000,50910180308
MAA,Mid-America Apartments,Real Estate,85.39,110.95,86.95,4.19652,2.86,12.88107034,53.36875,871483000,9992628990
CXO,Concho Resources,Energy,140.09,162.91,106.73,0,-11.04,11.41546279,53.6743295,2151190000,22021882339
ALL,Allstate Corp,Financials,90.06,105.36,77.73,1.5278208,4.68,74.51870646,53.92814371,0,34759468905
L,Loews Corp.,Financials,46.05,53.59,45.01,4.5131636,1.93,29.12757505,54.17647059,0,16111166935
AFL,AFLAC Inc,Financials,83.25,91.73,68.8,2.4299066,11.01,53.95563156,54.41176471,0,33422948000
REGN,Regeneron,Health Care,322.62,543.5518,319.5,0,7.74,38.02055528,54.77419355,2043160000,35950369241
EVHC,Envision Healthcare,Health Care,35.34,73,23.77,0,-0.48,28.7996323,55.21875,827200000,4212729247
ARE,Alexandria Real Estate Equities Inc,Real Estate,114.58,134.37,106.89,3.0262272,1.57,10.92054016,55.352657,0,12043374429
TAP,Molson Coors Brewing Company,Consumer Staples,74.51,102.14,75.79,2.1533613,9.27,60.22619053,55.60447761,4708400000,12396862128
AMZN,Amazon.com Inc,Consumer Discretionary,1350.5,1498,812.5,0,6.16,343.8965555,55.62191104,16132000000,6.86E+11
CI,CIGNA Corp.,Health Care,189.27,227.13,141.93,0.020466639,7.2,122.0496762,55.83185841,0,47680910480
MCK,McKesson Corp.,Health Care,150.23,178.86,133.82,0.8898776,22.74,980.7021091,56.05597015,7232000000,31534840262
BIIB,Biogen Inc.,Health Care,311.79,370.57,244.28,0,11.94,54.34306143,56.5862069,6511400000,69157726427
ANDV,Andeavor,Energy,96.9,121.71,75.11,2.3454583,6.13,146.4152072,57,2548000000,15696449735
DUK,Duke Energy,Utilities,74.32,91.8,72.93,4.7849464,3.12,25.32296232,58.51968504,9895000000,52078185682
TMO,Thermo Fisher Scientific,Health Care,198.73,226.44,151.69,0.3276319,5.6,49.48867759,58.79585799,4751300000,83226586345
CME,CME Group Inc.,Financials,153.04,163,114.8176,3.6828613,11.94,10.28369809,60.97211155,2851800000,54423298745
LH,Laboratory Corp. of America Holding,Health Care,165.46,181.715,130.292,0,7.02,73.66997773,61.05535055,1861200000,17271388000
PXD,Pioneer Natural Resources,Energy,169.16,199.83,125.46,0.1816118,-3.39,24.91660207,61.28985507,1717000000,29983119693
ROP,Roper Technologies,Industrials,259.4,290.415,191.22,0.61985797,9.38,43.43901344,61.32387707,1555209000,27247789759
FDX,FedEx Corporation,Industrials,239.27,274.66,182.89,0.7963368,11.07,222.5418827,61.35128205,8062000000,67280478816
AMG,Affiliated Managers Group Inc,Financials,179.11,216.995,148.81,0.6387395,12.07,39.01128999,61.97577855,1261400000,10442174371
COO,The Cooper Companies,Health Care,223.17,256.39,187.02,0.026033757,7.52,32.56127782,62.51260504,615700000,11297958140
SJM,JM Smucker,Consumer Staples,118.37,143.68,99.565,2.6036885,5.1,47.41101873,62.96276596,1411300000,13612394896
LLL,L-3 Communications Holdings,Industrials,198.79,218.705,159.43,1.4444605,8.51,133.5541073,63.71474359,1137000000,16229343134
WHR,Whirlpool Corp.,Consumer Discretionary,164.95,202.99,158.8,2.5652986,4.51,284.0791912,64.18287938,1842000000,12177920000
CVX,Chevron Corp.,Energy,112.3,133.88,102.55,3.885853,4.85,68.10244573,65.67251462,28877000000,2.19E+11
PVH,PVH Corp.,Consumer Discretionary,142.68,157.96,84.53,0.100529455,6.77,80.98755319,66.6728972,1057500000,11478625926
JPM,JPMorgan Chase & Co.,Financials,107.88,117.3529,81.635,1.9845841,6.3,31.99763381,67.425,0,3.87E+11
SLG,SL Green Realty,Real Estate,90.61,115.34,91.2,3.4998922,0.88,13.76631485,68.64393939,795889000,8617714345
MLM,Martin Marietta Materials,Materials,208.42,244.32,191.09,0.8042038,6.63,47.18589413,68.78547855,975223000,13756812736
LNC,Lincoln National,Financials,73.86,86.68,61.45,1.6813145,9.24,61.45045027,71.01923077,0,17123031000
WLTW,Willis Towers Watson,Financials,152.36,165,120.869,1.347058,3.07,44.18195996,72.55238095,1440000000,20780269334
AVB,"AvalonBay Communities, Inc.",Real Estate,154.94,199.52,156.01,3.7149355,6.36,15.11430449,73.08490566,1331579000,21856547430
AIZ,Assurant Inc,Financials,85.16,106.985,85.91,2.5313594,9.08,86.70450198,76.03571429,0,4653993594
AIG,"American International Group, Inc.",Financials,58.28,67.3,57.85,2.1167521,-0.76,39.68260453,77.70666667,0,54360073164
HUM,Humana Inc.,Health Care,262.37,293.35,189.01,0.6040015,4.06,283.4319715,78.78978979,0,36973617235
EQIX,Equinix,Real Estate,409.98,495.345,361.9,1.8775817,1.77,38.53508405,79.76264591,1687152000,33333813618
C,Citigroup Inc.,Financials,71.87,80.7,56.14,1.7068943,-3.1,32.8810327,79.85555556,0,1.93E+11
TRV,The Travelers Companies Inc.,Financials,135.01,150.55,113.76,2.0261714,7.31,101.2205545,82.82822086,0,38903131815
MHK,Mohawk Industries,Consumer Discretionary,256.57,286.85,209.9,0,12.48,91.70477304,89.08680556,1750393000,19897356456
ESS,"Essex Property Trust, Inc.",Real Estate,218.28,270.04,214.03,3.2138102,6.27,15.39016425,94.90434783,1237886000,14383525286
PNC,PNC Financial Services,Financials,149.38,160.07,115.25,1.9354838,10.4,36.91557952,97.63398693,0,73315000000
COF,Capital One Financial,Financials,91.8,106.5,76.05,1.6306564,3.45,57.62203647,97.65957447,0,47637260000
MTB,M&T Bank Corp.,Financials,178.35,193.85,141.12,1.6218846,8.69,38.53892631,99.63687151,0,27840827434
ANTM,Anthem Inc.,Health Care,230.57,267.95,156.81,1.2581781,14.36,344.3131142,101.127193,0,61221978627
CB,Chubb Limited,Financials,140.39,157.5,130.17,1.9251627,8.2,66.89813609,103.9925926,0,68424670566
BHF,Brighthouse Financial Inc,Financials,55.44,75,52.751,0,-24.62,39.07428893,108.7058824,0,7066613254
PRU,Prudential Financial,Financials,103.38,127.14,97.88,2.6985698,9.73,95.39302795,111.1612903,0,47136080000
BRK.B,Berkshire Hathaway,Financials,191.42,217.62,160.93,0,9.76,133.5963851,121.1518987,0,2.61E+11
CHTR,Charter Communications,Consumer Discretionary,348.65,408.83,308.3,0,34.08,164.3905968,153.5903084,14694000000,86708878113
BLK,BlackRock,Financials,509.38,594.52,368,2.1643558,30.3,73.65432146,172.6711864,5684000000,85907759858
GS,Goldman Sachs Group,Financials,246.35,273.79,209.62,1.1668612,8.61,106.672036,197.08,0,96978500251
AGN,"Allergan, Plc",Health Care,164.2,256.8,160.07,1.643289,38.35,34.06557727,197.8313253,-2888100000,56668833898
RE,Everest Re Group Ltd.,Financials,241.06,277.17,208.81,2.1078234,23.71,114.8342882,207.8103448,0,10131892523
GOOGL,Alphabet Inc Class A,Information Technology,1007.71,1198,824.3,0,22.27,148.1557824,214.406383,34217000000,7.34E+11
GOOG,Alphabet Inc Class C,Information Technology,1001.52,1186.89,803.1903,0,22.27,147.8770579,214.4582441,32714000000,7.29E+11
PCLN,Priceline.com Inc,Consumer Discretionary,1806.06,2067.99,1589,0,42.66,196.8122273,260.9913295,4803487000,91817448863
ARNC,Arconic Inc,Industrials,24.45,31.17,21.755,0.9561753,-0.21,25.9513326,,1517000000,12123300000
FL,Foot Locker Inc,Consumer Discretionary,45.88,77.86,28.42,2.5827951,4.91,44.27311611,,957000000,5819080328
HCA,HCA Holdings,Health Care,95.97,106.84,71.18,1.4227642,5.94,132.337349,,8202000000,34449052800
MRO,Marathon Oil Corp.,Energy,15.68,19.52,10.55,1.2247398,-2.65,3.366341586,,2266000000,13875005314
OXY,Occidental Petroleum,Energy,68.47,78.09,57.2,4.4081864,-0.75,11.32691304,,5205000000,53467692395
PEP,PepsiCo Inc.,Consumer Staples,110.15,122.51,104.77,2.8370044,4.36,30.0094848,,12843000000,1.61E+11
TDG,TransDigm Group,Industrials,283,321.38,203.72,0,7.92,66.29448055,,1635916000,15241203731
UNP,Union Pacific,Industrials,124.86,143.05,101.06,2.062655,13.52,25.68867551,,10169000000,1.02E+11
